full_count,full_time_s,pruned_count,pruned_time_s,speedup
1000,0.2317345142364502,349,0.10364770889282227,2.235790030593702
